title,description,link,image_url,board
10 Things I Learned From Letting Glow Social Post 101 Times,"I built Glow Social to help local businesses stay active online. Naturally, I used it to run my own marketing. After 101 automated posts, 9,200+ impressions, and 181 engagements, here is exactly what I learned.",https://glowsocial.com/blog/10-things-i-learned-posting-101-times-with-glow-social,https://glowsocial.com/pins/10-things-i-learned-posting-101-times-with-glow-social.png,Glow Social Tips
50 Creative Business Social Media Post Ideas to Engage Your Audience,Stuck on what to post? Here are 50 social media post ideas for local businesses — organized by category so you always have something ready.,https://glowsocial.com/blog/50-creative-business-social-media-post-ideas-to-engage-your-audience,https://glowsocial.com/pins/50-creative-business-social-media-post-ideas-to-engage-your-audience.png,Social Media Tips for Small Business
7 Ways Local Businesses Are Cutting Marketing Costs by 98% in 2026,"Learn the 7 methods small local businesses are using to cut their marketing and social media costs by up to 98% this year, including the GLOW Method.",https://glowsocial.com/blog/7-ways-local-businesses-cut-marketing-costs-2026,https://glowsocial.com/pins/7-ways-local-businesses-cut-marketing-costs-2026.png,Social Media Management Tips
The Guide to Affordable Social Media Management for Small Businesses,"Affordable social media management options for small businesses. Compare tools under $50/month, freelancers, and done-for-you AI services.",https://glowsocial.com/blog/affordable-social-media-management-guide,https://glowsocial.com/pins/affordable-social-media-management-guide.png,Social Media Tips for Small Business
AI Social Media Tools: Scheduling vs. Content Creation vs. Done-For-You (2026),"Not all AI social media tools are the same. Some schedule, some write captions, some create everything for you. Here's how to understand the 3 categories and pick the right one.",https://glowsocial.com/blog/ai-social-media-tools-scheduling-vs-creation-vs-done-for-you,https://glowsocial.com/pins/ai-social-media-tools-scheduling-vs-creation-vs-done-for-you.png,AI Marketing Tools
AI Social Media Tools vs. Hiring an Agency: Real Cost Comparison (2026),"AI social media tools cost $99-150/month. Agencies charge $1,000-3,000/month. Here's the full cost breakdown including your time — and which option actually makes sense for your business.",https://glowsocial.com/blog/ai-tools-vs-agencies-cost,https://glowsocial.com/pins/ai-tools-vs-agencies-cost.png,Social Media Management Tips
The OBA Framework: A Social Media System That Works,"Learn the OBA (Observe, Build, Automate) framework for creating a social media system that runs itself — while still sounding like your business. Step-by-step guide.",https://glowsocial.com/blog/automate-social-media-oba-framework,https://glowsocial.com/pins/automate-social-media-oba-framework.png,Social Media Tips for Small Business
Automated Social Media for Local Businesses: The Complete Guide (2026),"Everything local business owners need to know about automated social media — what it is, the 3 levels of automation, what it costs, and why done-for-you beats DIY.",https://glowsocial.com/blog/automated-social-media-local-business,https://glowsocial.com/pins/automated-social-media-local-business.png,AI Marketing Tools
Automated Social Media Marketing for Roofers and Contractors,Discover how automated social media marketing for roofers and contractors fixes your pipeline. Learn how Glow Social provides done-for-you lead generation for $99/mo.,https://glowsocial.com/blog/automated-social-media-roofers-contractors,https://glowsocial.com/pins/automated-social-media-roofers-contractors.png,Social Media by Industry
How Much Time Does Social Media Marketing Actually Take? (2026 Data),"Small businesses spend 3-10 hours per week on social media. Here's the real breakdown by task, platform, and industry — plus how to cut that time to near zero.",https://glowsocial.com/blog/average-time-social-media-marketing,https://glowsocial.com/pins/average-time-social-media-marketing.png,Social Media Tips for Small Business
Bad Social Media Advice That's Hurting Local Businesses,Stop following generic social media advice. Here are the most common bad tips local businesses fall for and what actually works instead.,https://glowsocial.com/blog/bad-social-media-advice-local-business,https://glowsocial.com/pins/bad-social-media-advice-local-business.png,Social Media Tips for Small Business
Best Affordable Social Media Management for Small Business (2026),"The most affordable social media management options for small businesses, from free DIY tools to $99/month done-for-you services. Compare pricing, features, and time required for each option.",https://glowsocial.com/blog/best-affordable-social-media-management-small-business,https://glowsocial.com/pins/best-affordable-social-media-management-small-business.png,Social Media Tips for Small Business
Best AI Social Media Content Generators (2026),Compare the top AI social media content generators for small businesses. From DIY writing tools to fully automated done-for-you services like Glow Social.,https://glowsocial.com/blog/best-ai-social-media-content-generators,https://glowsocial.com/pins/best-ai-social-media-content-generators.png,AI Marketing Tools
What's the Best AI Tool for Social Media?,"For content creation and scheduling, Glow Social. For scheduling only, Buffer. For analytics and enterprise, Sprout Social. Match the tool to your bottleneck.",https://glowsocial.com/blog/best-ai-tool-for-social-media,https://glowsocial.com/pins/best-ai-tool-for-social-media.png,AI Marketing Tools
Best Social Media Platforms for Local Businesses in 2026,"Which social media platforms should local businesses focus on? Facebook, Instagram, LinkedIn, and Google Business Profile ranked by ROI for local business.",https://glowsocial.com/blog/best-platforms-local-business,https://glowsocial.com/pins/best-platforms-local-business.png,Social Media Tips for Small Business
7 Best Social Media Automation Tools That Create Content For You (2026),"Most social media tools make you create the content. These 7 tools actually generate posts, images, and captions for you. Compare pricing, features, and who each tool is best for.",https://glowsocial.com/blog/best-social-media-automation-tools-create-content,https://glowsocial.com/pins/best-social-media-automation-tools-create-content.png,AI Marketing Tools
Best Social Media Automation Tools for Small Business (2026),"Buffer for scheduling, Glow Social for AI content creation, Canva for design. Choose based on whether your bottleneck is creating or distributing content.",https://glowsocial.com/blog/best-social-media-automation-tools-small-business,https://glowsocial.com/pins/best-social-media-automation-tools-small-business.png,AI Marketing Tools
5 Alternatives to a Social Media Manager (2026),"Can't afford a $2,000/month agency? Here are 5 ways to manage social media without hiring — from free DIY tools to $99/month done-for-you software.",https://glowsocial.com/blog/best-social-media-manager-alternatives-small-business,https://glowsocial.com/pins/best-social-media-manager-alternatives-small-business.png,Social Media Management Tips
Best Social Media Service for Contractors (2026),The best social media posting service for contractors keeps you visible while you work on the job site. Compare done-for-you options starting at $99/mo.,https://glowsocial.com/blog/best-social-media-posting-service-contractors,https://glowsocial.com/pins/best-social-media-posting-service-contractors.png,Social Media by Industry
Best Social Media Posting Service for Dentists (2026),The best social media posting service for dentists builds patient trust without taking time from your practice. Done-for-you starting at $99/mo.,https://glowsocial.com/blog/best-social-media-posting-service-dentists,https://glowsocial.com/pins/best-social-media-posting-service-dentists.png,Social Media by Industry
Best Social Media Posting Service for Home Services (2026),The best social media posting service for home service businesses handles your online presence while you work. Compare done-for-you options starting at $99/mo.,https://glowsocial.com/blog/best-social-media-posting-service-home-services,https://glowsocial.com/pins/best-social-media-posting-service-home-services.png,Social Media Tips for Small Business
Best Social Media Posting Service for Restaurants (2026),The best social media posting service for restaurants fills seats and builds a local following. Done-for-you posting starting at $99/mo.,https://glowsocial.com/blog/best-social-media-posting-service-restaurants,https://glowsocial.com/pins/best-social-media-posting-service-restaurants.png,Social Media by Industry
Best Social Media Posting Service for Salons & Beauty Shops (2026),The best social media posting service for salons showcases transformations and fills your chair. Done-for-you posting starting at $99/mo.,https://glowsocial.com/blog/best-social-media-posting-service-salons,https://glowsocial.com/pins/best-social-media-posting-service-salons.png,Social Media by Industry
Best Social Media Scheduler for Local Business 2026: Complete Guide & Top Picks,"Find the best social media scheduler for local business in 2026. Compare features, pricing, and automation capabilities to save time and grow your presence.",https://glowsocial.com/blog/best-social-media-scheduler-for-local-business-2026,https://glowsocial.com/pins/best-social-media-scheduler-for-local-business-2026.png,Social Media Tips for Small Business
Best Social Media Service for Auto Repair Shops (2026),The best social media service for auto repair shops is done-for-you posting. Compare DIY tools vs automation and see why shops choose Glow Social at $99/mo.,https://glowsocial.com/blog/best-social-media-service-auto-repair-shops,https://glowsocial.com/pins/best-social-media-service-auto-repair-shops.png,AI Marketing Tools
Best Social Media Service for Businesses With No Time (2026),Too busy to post? The best social media services for time-strapped business owners handle everything automatically. Compare your options starting at $99/mo.,https://glowsocial.com/blog/best-social-media-service-businesses-no-time,https://glowsocial.com/pins/best-social-media-service-businesses-no-time.png,Social Media Tips for Small Business
Best Social Media Service for Busy Business Owners (2026),Busy running your business? The best social media services handle posting while you work. Compare done-for-you options starting at $99/month.,https://glowsocial.com/blog/best-social-media-service-busy-business-owners,https://glowsocial.com/pins/best-social-media-service-busy-business-owners.png,Social Media Tips for Small Business
Best Social Media Service for Cleaning Companies (2026),The best social media service for cleaning companies builds trust and attracts clients while you clean. Done-for-you posting starting at $99/mo.,https://glowsocial.com/blog/best-social-media-service-cleaning-companies,https://glowsocial.com/pins/best-social-media-service-cleaning-companies.png,Social Media Tips for Small Business
Best Social Media Service for Coaches & Consultants (2026),The best social media service for coaches and consultants builds authority and attracts clients. Compare done-for-you posting options starting at $99/mo.,https://glowsocial.com/blog/best-social-media-service-coaches-consultants,https://glowsocial.com/pins/best-social-media-service-coaches-consultants.png,Social Media Tips for Small Business
Best Social Media Service for Accountants & CPAs (2026),"The best social media service for accountants creates professional, trust-building content. Done-for-you posting that respects your industry — starting at $99/mo.",https://glowsocial.com/blog/best-social-media-service-for-accountants,https://glowsocial.com/pins/best-social-media-service-for-accountants.png,Social Media Tips for Small Business
Best Social Media Service for Lawyers & Law Firms (2026),The best social media service for lawyers builds authority without violating ethics rules. Done-for-you posting for law firms starting at $99/month.,https://glowsocial.com/blog/best-social-media-service-for-lawyers,https://glowsocial.com/pins/best-social-media-service-for-lawyers.png,Social Media Tips for Small Business
Best Social Media Service for Gyms & Fitness Studios (2026),The best social media service for gyms and fitness studios fills classes and builds community. Done-for-you posting starting at $99/mo.,https://glowsocial.com/blog/best-social-media-service-gyms-fitness-studios,https://glowsocial.com/pins/best-social-media-service-gyms-fitness-studios.png,Social Media by Industry
Best Social Media Service for Insurance Agents (2026),The best social media service for insurance agents builds trust and generates referrals. Done-for-you posting starting at $99/month.,https://glowsocial.com/blog/best-social-media-service-insurance-agents,https://glowsocial.com/pins/best-social-media-service-insurance-agents.png,Social Media Tips for Small Business
Best Social Media Service for Landscapers (2026),The best social media service for landscapers showcases your work while you're on the job site. Done-for-you posting starting at $99/month.,https://glowsocial.com/blog/best-social-media-service-landscapers,https://glowsocial.com/pins/best-social-media-service-landscapers.png,Social Media Tips for Small Business
Best Social Media Services Under $100/Month (2026),"The best social media services under $100/month for local businesses. Compare Buffer, Later, and Glow Social — from free scheduling to $99/mo done-for-you.",https://glowsocial.com/blog/best-social-media-service-local-businesses-under-100-month,https://glowsocial.com/pins/best-social-media-service-local-businesses-under-100-month.png,Social Media Tips for Small Business
Best Social Media for Medical Practices (2026),The best social media service for medical practices creates HIPAA-conscious content that builds patient trust. Done-for-you posting starting at $99/mo.,https://glowsocial.com/blog/best-social-media-service-medical-practices,https://glowsocial.com/pins/best-social-media-service-medical-practices.png,Social Media Tips for Small Business
Best Social Media Service for Solopreneurs (2026),Running a one-person business? The best social media services handle posting so you can focus on clients. Done-for-you starting at $99/mo.,https://glowsocial.com/blog/best-social-media-service-one-person-businesses,https://glowsocial.com/pins/best-social-media-service-one-person-businesses.png,Social Media Tips for Small Business
Best Social Media Service for Pet Groomers (2026),The best social media service for pet groomers showcases transformations and builds trust with pet parents. Done-for-you posting starting at $99/mo.,https://glowsocial.com/blog/best-social-media-service-pet-groomers,https://glowsocial.com/pins/best-social-media-service-pet-groomers.png,Social Media Tips for Small Business
Best Social Media Service for Photographers: Stay Visible Between Shoots,Compare the best social media services for photographers in 2026. From free DIY tools to $99/month done-for-you posting that keeps your portfolio visible while you shoot.,https://glowsocial.com/blog/best-social-media-service-photographers,https://glowsocial.com/pins/best-social-media-service-photographers.png,Social Media Tips for Small Business
Best Social Media Service for Real Estate Agents (2026),The best social media service for real estate agents generates leads while you show houses. Done-for-you posting starting at $99/mo.,https://glowsocial.com/blog/best-social-media-service-real-estate-agents,https://glowsocial.com/pins/best-social-media-service-real-estate-agents.png,Social Media by Industry
Best Social Media Service for Retail Stores & Shops (2026),The best social media service for retail stores drives foot traffic and showcases products. Done-for-you posting starting at $99/mo.,https://glowsocial.com/blog/best-social-media-service-retail-stores,https://glowsocial.com/pins/best-social-media-service-retail-stores.png,AI Marketing Tools
Best Social Media for Wedding Vendors (2026),The best social media service for wedding vendors attracts brides and builds your portfolio presence. Done-for-you posting starting at $99/mo.,https://glowsocial.com/blog/best-social-media-service-wedding-vendors,https://glowsocial.com/pins/best-social-media-service-wedding-vendors.png,Social Media Tips for Small Business
Social Media Schedulers: Benefits & Limitations (2026),"How social media schedulers boost engagement for local businesses — the 5 key benefits, top tools compared, and why scheduling alone isn't enough for busy owners.",https://glowsocial.com/blog/boost-your-engagement-discover-the-benefits-of-social-media-schedulers,https://glowsocial.com/pins/boost-your-engagement-discover-the-benefits-of-social-media-schedulers.png,Social Media Tips for Small Business
Buffer vs. Glow Social: DIY Scheduling vs. Done-For-You (2026),"Buffer vs Glow Social compared: pricing, features, and time required. See why local businesses are switching from DIY scheduling to done-for-you social media.",https://glowsocial.com/blog/buffer-vs-glow-social,https://glowsocial.com/pins/buffer-vs-glow-social.png,Glow Social Tips
Can AI Replace a Social Media Manager?,"For content creation and scheduling, yes. For strategy, community management, and crisis response, not yet. Most small businesses get better value from AI.",https://glowsocial.com/blog/can-ai-replace-social-media-manager,https://glowsocial.com/pins/can-ai-replace-social-media-manager.png,Social Media Management Tips
Can You Run a Business Without Social Media in 2026?,Is social media actually required for small business success? Here's an honest look at what happens when local businesses opt out.,https://glowsocial.com/blog/can-you-run-business-without-social-media,https://glowsocial.com/pins/can-you-run-business-without-social-media.png,Social Media Tips for Small Business
Compare Social Media Solutions for Small Business (2026),"Compare Glow Social to Buffer, Hootsuite, Vista Social, SocialBee, Later, Zoho Social, Metricool, Sendible, Jasper, Copy.ai, Sprout Social, freelancers, and agencies. Find the best social media solution for your budget and time.",https://glowsocial.com/blog/compare,https://glowsocial.com/pins/compare.png,Social Media Tips for Small Business
How to Compete with Bigger Businesses on Social Media,"Be more local, more personal, and more consistent. Big businesses have budget but lack authenticity. Small businesses win with genuine local engagement.",https://glowsocial.com/blog/compete-with-bigger-businesses-social-media,https://glowsocial.com/pins/compete-with-bigger-businesses-social-media.png,Social Media Tips for Small Business
How to Stay Consistent on Social Media Without Burnout,Struggling to post consistently? Learn practical strategies to maintain your social media presence without burning out — including when to automate.,https://glowsocial.com/blog/consistent-social-media-without-burnout,https://glowsocial.com/pins/consistent-social-media-without-burnout.png,Social Media Tips for Small Business
50+ Social Media Content Ideas for Local Businesses,"Never run out of post ideas again. 50+ proven social media content ideas specifically for local businesses, organized by category.",https://glowsocial.com/blog/content-ideas-local-business,https://glowsocial.com/pins/content-ideas-local-business.png,Social Media Tips for Small Business
Content Pillars Are Useless If You Don't Use Them Every Day,"Everyone talks about content pillars. Almost nobody uses them consistently. Here's why, and how Glow Social's Sparks system turns pillars into daily posts automatically.",https://glowsocial.com/blog/content-pillars-daily-social-media-strategy,https://glowsocial.com/pins/content-pillars-daily-social-media-strategy.png,Social Media Tips for Small Business
Copy.ai vs. Glow Social: Which Creates Better Social Media Content? (2026),"Copy.ai vs Glow Social: one helps you write, the other posts for you. Compare AI content generators to done-for-you social media for small businesses.",https://glowsocial.com/blog/copy-ai-vs-glow-social,https://glowsocial.com/pins/copy-ai-vs-glow-social.png,Glow Social Tips
The Real Cost of Not Posting on Social Media (With Math),What does it actually cost your business when you stop posting on social media? Here's the math — including the customers you're losing right now without realizing it.,https://glowsocial.com/blog/cost-of-not-posting-social-media,https://glowsocial.com/pins/cost-of-not-posting-social-media.png,Social Media Management Tips
How to Create a Month of Social Media Content in 1 Hour,Batch-create an entire month of social media content in a single focused hour. Step-by-step framework for busy local business owners.,https://glowsocial.com/blog/create-month-content-one-hour,https://glowsocial.com/pins/create-month-content-one-hour.png,Social Media Tips for Small Business
Do I Need Social Media for My Business? (2026),Is social media worth it for small businesses? 78% of consumers check social before buying. Here's the real cost of not posting — and the cheapest way to stay visible.,https://glowsocial.com/blog/do-i-need-social-media-for-my-business,https://glowsocial.com/pins/do-i-need-social-media-for-my-business.png,Social Media Tips for Small Business
Does Glow Social Work for Realtors?,"Yes. Glow Social generates real estate content including market updates, neighborhood spotlights, buyer/seller tips, and staging advice matched to your local market.",https://glowsocial.com/blog/does-glow-social-work-for-realtors,https://glowsocial.com/pins/does-glow-social-work-for-realtors.png,Glow Social Tips
Does Glow Social Work for Restaurants?,"Yes. Glow Social generates restaurant-specific content including menu highlights, kitchen behind-the-scenes, customer appreciation, and local event tie-ins.",https://glowsocial.com/blog/does-glow-social-work-for-restaurants,https://glowsocial.com/pins/does-glow-social-work-for-restaurants.png,Glow Social Tips
Does Glow Social Work for Salons?,"Yes. Glow Social generates salon-specific content including style trends, hair care tips, service spotlights, booking reminders, and client transformation posts.",https://glowsocial.com/blog/does-glow-social-work-for-salons,https://glowsocial.com/pins/does-glow-social-work-for-salons.png,Glow Social Tips
Done-For-You AI Social Media for Law Firms and Attorneys,Discover why the best done-for-you AI social media for law firms is built on education and trust. Glow Social automates your legal practice for $99/month.,https://glowsocial.com/blog/done-for-you-ai-social-media-law-firms,https://glowsocial.com/pins/done-for-you-ai-social-media-law-firms.png,AI Marketing Tools
How Much Does Done-For-You Social Media Cost in 2026?,"Done-for-you social media costs $99 to $5,000/month depending on the provider. Compare agencies, freelancers, and AI-powered options for small businesses.",https://glowsocial.com/blog/done-for-you-social-media-cost,https://glowsocial.com/pins/done-for-you-social-media-cost.png,Social Media Management Tips
Done-For-You Social Media: Complete Guide for Small Business (2026),"Everything you need to know about done-for-you social media services. Compare pricing, features, and providers. Starting at $99/month with Glow Social.",https://glowsocial.com/blog/done-for-you-social-media-guide,https://glowsocial.com/pins/done-for-you-social-media-guide.png,Social Media Tips for Small Business
Done-for-You Social Media for Roofing Companies (2026 Guide),"How roofing companies get professional social media without hiring a marketing agency. Compare done-for-you options, see real costs, and learn what works for roofers.",https://glowsocial.com/blog/done-for-you-social-media-roofing,https://glowsocial.com/pins/done-for-you-social-media-roofing.png,Social Media Tips for Small Business
Done-For-You vs. DIY Social Media: Which Is Right for Your Business? (2026),"Done-for-you vs DIY social media compared: cost, time, and results. Find out which approach fits your business and budget.",https://glowsocial.com/blog/done-for-you-vs-diy-social-media,https://glowsocial.com/pins/done-for-you-vs-diy-social-media.png,Social Media Tips for Small Business
Social Media Quotes Every Business Owner Needs to Hear,"Motivational quotes about social media, consistency, and marketing — with practical takeaways for local business owners who want results, not just inspiration.",https://glowsocial.com/blog/empower-your-strategy-with-inspiring-social-media-management-quotes,https://glowsocial.com/pins/empower-your-strategy-with-inspiring-social-media-management-quotes.png,Social Media Tips for Small Business
Facebook for Small Business: The Minimum Viable Posting Strategy (2026),"You don't need to post on Facebook 5 times a day. Here's the minimum posting strategy that keeps your business page active, professional, and trustworthy — without consuming your life.",https://glowsocial.com/blog/facebook-for-small-business-minimum-posting-strategy,https://glowsocial.com/pins/facebook-for-small-business-minimum-posting-strategy.png,Social Media Tips for Small Business
How to Find Your First Social Media Management Clients,"Practical strategies for finding your first 5 social media management clients. No cold calling scripts, no hustle culture — just methods that work.",https://glowsocial.com/blog/find-first-social-media-clients,https://glowsocial.com/pins/find-first-social-media-clients.png,Social Media Tips for Small Business
How Much Does a Social Media Manager Cost in 2026? (Full Pricing Guide),"Social media manager pricing for small businesses: freelancers ($300-500/mo), agencies ($1,000-3,000/mo), and done-for-you software ($99/mo). Compare the real cost including your time.",https://glowsocial.com/blog/freelance-social-media-manager-charge-cost,https://glowsocial.com/pins/freelance-social-media-manager-charge-cost.png,Social Media Management Tips
Social Media for Contractors: How to Get More Calls Without More Hours,How contractors use social media to build trust with homeowners and get more calls — without spending hours creating content. The complete guide for 2026.,https://glowsocial.com/blog/glow-social-contractors-more-calls-social-media,https://glowsocial.com/pins/glow-social-contractors-more-calls-social-media.png,Glow Social Tips
How Glow Social Is Different From Other AI Platforms,Glow Social Difference AI Content Platforms. Practical advice for local businesses looking to stay visible on social media without spending hours on content.,https://glowsocial.com/blog/glow-social-difference-ai-content-platforms,https://glowsocial.com/pins/glow-social-difference-ai-content-platforms.png,Glow Social Tips
"Glow Social Fixes the ""Last Posted 3 Months Ago"" Problem",Glow Social Fixes Last Posted Problem. Practical advice for local businesses looking to stay visible on social media without spending hours on content.,https://glowsocial.com/blog/glow-social-fixes-last-posted-problem,https://glowsocial.com/pins/glow-social-fixes-last-posted-problem.png,Glow Social Tips
Glow Social for Agency Owners: How to Run 10+ Client Accounts Without Burning Out,Social media agency owners use Glow Social to manage 10 or more client accounts in the time it used to take to manage three. Here's how the AI fulfillment system works — and why it changes the math on agency profitability.,https://glowsocial.com/blog/glow-social-for-agency-owners,https://glowsocial.com/pins/glow-social-for-agency-owners.png,Glow Social Tips
How Glow Social Helps You Get More Customers,Glow Social Get More Customers. Practical advice for local businesses looking to stay visible on social media without spending hours on content.,https://glowsocial.com/blog/glow-social-get-more-customers,https://glowsocial.com/pins/glow-social-get-more-customers.png,Glow Social Tips
How Many Posts Does Glow Social Create Per Month?,Glow Social Posts Per Month. Practical advice for local businesses looking to stay visible on social media without spending hours on content.,https://glowsocial.com/blog/glow-social-posts-per-month,https://glowsocial.com/pins/glow-social-posts-per-month.png,Glow Social Tips
Glow Social Reviews: What Customers Actually Say,Glow Social Reviews What Customers Say. Practical advice for local businesses looking to stay visible on social media without spending hours on content.,https://glowsocial.com/blog/glow-social-reviews-what-customers-say,https://glowsocial.com/pins/glow-social-reviews-what-customers-say.png,Glow Social Tips
Glow Social for Roofers: Get More Calls Automatically,"Learn how roofing companies use Glow Social to stay visible on social media, build trust with homeowners, and generate more calls — without spending hours on content.",https://glowsocial.com/blog/glow-social-roofing-social-media-service-2,https://glowsocial.com/pins/glow-social-roofing-social-media-service-2.png,Glow Social Tips
How Glow Social Simplifies Social Media Content,Glow Social Simplifies Content Creation. Practical advice for local businesses looking to stay visible on social media without spending hours on content.,https://glowsocial.com/blog/glow-social-simplifies-content-creation,https://glowsocial.com/pins/glow-social-simplifies-content-creation.png,Glow Social Tips
"Glow Social Smart Feed: Industry Updates, Automated",Glow Social Smart Feed Industry Updates. Practical advice for local businesses looking to stay visible on social media without spending hours on content.,https://glowsocial.com/blog/glow-social-smart-feed-industry-updates,https://glowsocial.com/pins/glow-social-smart-feed-industry-updates.png,Glow Social Tips
Glow Social vs. Hiring a Freelance Social Media Manager (2026),"Glow Social costs $99/month. A freelance social media manager costs $300-2,000/month. Compare cost, time, quality, and consistency to decide which is right for your business.",https://glowsocial.com/blog/glow-social-vs-freelance-social-media-manager,https://glowsocial.com/pins/glow-social-vs-freelance-social-media-manager.png,Glow Social Tips
Is Glow Social Better Than Hiring a Social Media Manager?,"For content creation, Glow Social delivers comparable output at a fraction of the cost. For community management, a human still wins. Most small businesses get better value from the tool.",https://glowsocial.com/blog/glow-social-vs-hiring-social-media-manager,https://glowsocial.com/pins/glow-social-vs-hiring-social-media-manager.png,Glow Social Tips
Glow Social vs. Hootsuite: Which One Is Right for Your Business?,Hootsuite is a scheduling and analytics platform. Glow Social creates the content for you and schedules it. Different tools for different problems.,https://glowsocial.com/blog/glow-social-vs-hootsuite,https://glowsocial.com/pins/glow-social-vs-hootsuite.png,Glow Social Tips
Glow Social vs. Later: Done-For-You Posting vs. Visual Scheduling (2026),Later is a visual-first scheduling tool built for Instagram and TikTok. Glow Social creates and posts content automatically. They solve completely different problems — here's how to choose.,https://glowsocial.com/blog/glow-social-vs-later,https://glowsocial.com/pins/glow-social-vs-later.png,Glow Social Tips
Glow Social vs. Metricool: Full Comparison (2026),"Metricool is an analytics powerhouse with scheduling built in. Glow Social creates and posts content for you. One shows you the data, the other removes the need for data. Here's how to choose.",https://glowsocial.com/blog/glow-social-vs-metricool,https://glowsocial.com/pins/glow-social-vs-metricool.png,Glow Social Tips
Glow Social vs. Sendible: Done-For-You Posting vs. Agency Scheduling (2026),Sendible is built for agencies managing multiple client accounts. Glow Social is built for business owners who want social media handled. Two very different tools for two very different people.,https://glowsocial.com/blog/glow-social-vs-sendible,https://glowsocial.com/pins/glow-social-vs-sendible.png,Glow Social Tips
Glow Social vs. SocialBee: AI Content Creation vs. AI Content Recycling (2026),SocialBee recycles your content with AI categories. Glow Social creates content from scratch with AI. Both use AI — but for completely different purposes. Here's how to choose.,https://glowsocial.com/blog/glow-social-vs-socialbee,https://glowsocial.com/pins/glow-social-vs-socialbee.png,Glow Social Tips
Glow Social vs. Vista Social: Which Is Right for Your Business? (2026),Glow Social creates and publishes posts for you ($99/month). Vista Social is a full-featured scheduling platform ($39-199/month). They solve different problems — here's how to choose.,https://glowsocial.com/blog/glow-social-vs-vista-social,https://glowsocial.com/pins/glow-social-vs-vista-social.png,Glow Social Tips
Glow Social vs. Zoho Social: Done-For-You AI vs. Budget Scheduling (2026),Zoho Social starts at $10/month — the cheapest scheduling tool on the market. Glow Social costs $99/month and creates content for you. Here's why cheaper isn't always better.,https://glowsocial.com/blog/glow-social-vs-zoho-social,https://glowsocial.com/pins/glow-social-vs-zoho-social.png,Glow Social Tips
The Google Business Profile Posting Gap (And Why Local Businesses Are Losing Leads),"Our proprietary 2026 data reveals that while local businesses post constantly to Facebook, they are completely ignoring the highest-converting platform available.",https://glowsocial.com/blog/google-business-posting-gap,https://glowsocial.com/pins/google-business-posting-gap.png,Social Media Tips for Small Business
GBP + Social Media: The Local Business Growth Combo,"Your Google Business Profile gets you found. Your social media builds trust. Together, they create a local marketing system that works on autopilot. Here's how to combine them.",https://glowsocial.com/blog/google-business-profile-social-media-local-business,https://glowsocial.com/pins/google-business-profile-social-media-local-business.png,Social Media Tips for Small Business
Google Business Profile vs. Social Media: Where to Focus,"Google Business Profile vs social media: which drives more local customers? The answer is both, but here's how to prioritize your limited time.",https://glowsocial.com/blog/google-business-profile-vs-social-media,https://glowsocial.com/pins/google-business-profile-vs-social-media.png,Social Media Tips for Small Business
How to Get Instagram Followers for Your Business (2026),A practical guide to growing your Instagram following as a local business. No gimmicks — just strategies that build real followers who become real customers.,https://glowsocial.com/blog/guide-to-adding-followers-on-instagram-proven-methods,https://glowsocial.com/pins/guide-to-adding-followers-on-instagram-proven-methods.png,Social Media Tips for Small Business
Best Hootsuite Alternative That Creates Content for You (2026),Looking for a Hootsuite alternative that doesn't require you to create content? Glow Social creates and publishes 12 posts/month automatically for $99. No content creation needed.,https://glowsocial.com/blog/hootsuite-alternative-no-content-creation,https://glowsocial.com/pins/hootsuite-alternative-no-content-creation.png,Social Media Tips for Small Business
9 Hootsuite Alternatives That Create Content (2026),Hootsuite requires you to create every post yourself. These 9 alternatives create content for you — from AI-generated posts to human-written content. Compare pricing and features.,https://glowsocial.com/blog/hootsuite-alternatives-no-content-creation,https://glowsocial.com/pins/hootsuite-alternatives-no-content-creation.png,Social Media Tips for Small Business
Hootsuite Alternatives for Small Businesses: What Actually Saves Time in 2026,Hootsuite charges $99+/month and still requires you to write every post yourself. Here's what the real alternatives look like — and which one makes sense for a local business.,https://glowsocial.com/blog/hootsuite-alternatives-small-business,https://glowsocial.com/pins/hootsuite-alternatives-small-business.png,Social Media Tips for Small Business
Hootsuite vs. Glow Social: Enterprise Tool vs. Local Business Solution (2026),Hootsuite vs Glow Social compared for small businesses. See why local businesses are choosing $99/mo done-for-you posting over complex enterprise scheduling tools.,https://glowsocial.com/blog/hootsuite-vs-glow-social,https://glowsocial.com/pins/hootsuite-vs-glow-social.png,Glow Social Tips
How Many Hours a Week Does Social Media Take? (Real Data),Small businesses spend 6-10 hours per week on social media. Here's the breakdown and how to cut it to under 1 hour with automation.,https://glowsocial.com/blog/hours-per-week-social-media,https://glowsocial.com/pins/hours-per-week-social-media.png,Social Media Tips for Small Business
How AI Social Media Posting Actually Works (2026 Guide),How AI social media posting works: from content generation to automated scheduling. A plain-English guide for business owners who want to understand the technology.,https://glowsocial.com/blog/how-ai-social-media-posting-works,https://glowsocial.com/pins/how-ai-social-media-posting-works.png,AI Marketing Tools
How Does Glow Social Work?,"Glow Social generates and schedules social media posts automatically. Connect your accounts, describe your business, and get personalized posts published on autopilot.",https://glowsocial.com/blog/how-does-glow-social-work,https://glowsocial.com/pins/how-does-glow-social-work.png,Glow Social Tips
How Google Reviews Affect Your Local SEO Rankings in 2026,"Google reviews are one of the top 3 local ranking factors. Here's exactly how review quantity, quality, recency, and responses influence where you show up — and what to do about it.",https://glowsocial.com/blog/how-google-reviews-affect-local-seo,https://glowsocial.com/pins/how-google-reviews-affect-local-seo.png,Social Media Tips for Small Business
How Much Does a Social Media Manager Cost?,Freelance social media managers charge $300-$800/month for small business accounts. Full-time hires cost $35K-$55K/year. AI tools like Glow Social cost $99/month.,https://glowsocial.com/blog/how-much-does-a-social-media-manager-cost-2026,https://glowsocial.com/pins/how-much-does-a-social-media-manager-cost-2026.png,Social Media Management Tips
How Much Does Glow Social Cost?,"Glow Social costs $99 per month. Includes AI-generated content, image creation, multi-platform scheduling, and a full content calendar. No setup fees, cancel anytime.",https://glowsocial.com/blog/how-much-does-glow-social-cost,https://glowsocial.com/pins/how-much-does-glow-social-cost.png,Glow Social Tips
"How Much Should Social Media Management Cost? (The Real Numbers, Not Agency Math)","Social media management costs range from $0 to $5,000+/month depending on what you actually get. Here's an honest breakdown of what's worth paying for — and what you're really comparing.",https://glowsocial.com/blog/how-much-should-social-media-management-cost,https://glowsocial.com/pins/how-much-should-social-media-management-cost.png,Social Media Management Tips
How Often Should Small Businesses Post on Social Media?,"3-5 times per week per platform. For local businesses under 1,000 followers, consistency matters more than volume.",https://glowsocial.com/blog/how-often-should-small-businesses-post,https://glowsocial.com/pins/how-often-should-small-businesses-post.png,Social Media Tips for Small Business
How Social Media Affects Local Business Credibility,Your social media presence directly impacts how credible your local business appears. Here's the research-backed truth about what customers think when they see your profiles.,https://glowsocial.com/blog/how-social-media-affects-local-business-credibility,https://glowsocial.com/pins/how-social-media-affects-local-business-credibility.png,Social Media Tips for Small Business
How to Automate Social Media Posting for Small Business (Without Losing Your Voice),Social media automation saves small business owners hours every week. Here's exactly how to set it up without your posts sounding robotic or generic.,https://glowsocial.com/blog/how-to-automate-social-media-posting-for-small-business,https://glowsocial.com/pins/how-to-automate-social-media-posting-for-small-business.png,AI Marketing Tools
How to Create Social Media Content Faster,"Use AI to generate posts, batch your review into one session, and stop starting from blank. This cuts content creation from 8 hours per month to under 30 minutes.",https://glowsocial.com/blog/how-to-create-social-media-content-faster,https://glowsocial.com/pins/how-to-create-social-media-content-faster.png,Social Media Tips for Small Business
How to Get More Facebook Likes (Local Business Guide),"Struggling with Facebook engagement? Here are proven strategies local businesses use to get more likes, reach more people, and grow their presence without becoming a full-time social media manager.",https://glowsocial.com/blog/how-to-get-more-and-more-likes-on-facebook-effective-strategies,https://glowsocial.com/pins/how-to-get-more-and-more-likes-on-facebook-effective-strategies.png,Social Media Tips for Small Business
How to Get More Customers from Social Media,"Post consistently so you stay visible. Visibility builds trust, and trust drives customers. 3-5 posts per week focused on expertise, not sales pitches.",https://glowsocial.com/blog/how-to-get-more-customers-from-social-media,https://glowsocial.com/pins/how-to-get-more-customers-from-social-media.png,Social Media Tips for Small Business
How to Get More Google Reviews for Your Local Business (Without Being Annoying),"Google reviews directly impact whether local customers find you or your competitor. Here's the simple, non-pushy system for consistently getting more of them.",https://glowsocial.com/blog/how-to-get-more-google-reviews,https://glowsocial.com/pins/how-to-get-more-google-reviews.png,Social Media Tips for Small Business
How to Hire a Social Media Manager (2026 Guide),"Everything you need to know before hiring a social media manager. What to pay, what to ask, red flags to watch for, and a $99/month alternative most businesses don't know about.",https://glowsocial.com/blog/how-to-hire-social-media-manager,https://glowsocial.com/pins/how-to-hire-social-media-manager.png,Social Media Management Tips
How to Look Professional on Social Media Without a Marketing Team,You don't need a team to look polished online. Here's how solo business owners create professional social media without design skills or marketing experience.,https://glowsocial.com/blog/how-to-look-professional-social-media-without-team,https://glowsocial.com/pins/how-to-look-professional-social-media-without-team.png,Social Media Tips for Small Business
How to Respond to Negative Google Reviews (With Templates),"Exact response templates for negative Google reviews. How to protect your reputation, win back unhappy customers, and turn bad reviews into trust signals.",https://glowsocial.com/blog/how-to-respond-to-negative-google-reviews,https://glowsocial.com/pins/how-to-respond-to-negative-google-reviews.png,Social Media Tips for Small Business
How to Restart Social Media After a Long Break,Haven't posted in months? Here's how to come back to social media without starting over. A practical guide for local businesses.,https://glowsocial.com/blog/how-to-restart-social-media-after-long-break,https://glowsocial.com/pins/how-to-restart-social-media-after-long-break.png,Social Media Tips for Small Business
How to Save Time on Social Media Marketing,"Batch content creation, use AI to generate posts, and automate scheduling. Collapse 8-12 hours per month into one 30-minute session.",https://glowsocial.com/blog/how-to-save-time-social-media-marketing,https://glowsocial.com/pins/how-to-save-time-social-media-marketing.png,Social Media Tips for Small Business
How to Set Up Google Business Profile (Step-by-Step),Set up your Google Business Profile in under 15 minutes. Step-by-step guide with screenshots for local businesses — plus how to keep it active after setup.,https://glowsocial.com/blog/how-to-set-up-google-business-profile,https://glowsocial.com/pins/how-to-set-up-google-business-profile.png,Social Media Tips for Small Business
Instagram for Local Businesses: You Don't Need to Be an Influencer (2026),"Instagram can drive customers to your local business without dancing on Reels, chasing followers, or posting daily. Here's the realistic Instagram strategy for business owners who aren't content creators.",https://glowsocial.com/blog/instagram-for-local-business-not-influencer,https://glowsocial.com/pins/instagram-for-local-business-not-influencer.png,Social Media Tips for Small Business
Is Social Media Worth It for a Business With No Online Presence?,Starting from zero on social media? Here's an honest breakdown of whether it's worth the effort for businesses with no existing online presence — and the fastest way to get started.,https://glowsocial.com/blog/is-social-media-worth-it-no-online-presence,https://glowsocial.com/pins/is-social-media-worth-it-no-online-presence.png,Social Media Tips for Small Business
Jasper vs. Glow Social: AI Writing Tool vs. Done-For-You Social Media (2026),"Jasper vs Glow Social: one generates copy you still have to post, the other handles everything. Compare features, pricing, and time savings for local businesses.",https://glowsocial.com/blog/jasper-vs-glow-social,https://glowsocial.com/pins/jasper-vs-glow-social.png,Glow Social Tips
How to Keep Social Media Clients Happy (Without Working Weekends),"Client retention is where social media agencies make real money. Here's how to keep clients for years, not months — without burning yourself out in the process.",https://glowsocial.com/blog/keep-social-media-clients-happy,https://glowsocial.com/pins/keep-social-media-clients-happy.png,Social Media Tips for Small Business
Later vs. Buffer in 2026: Which Social Media Scheduler Is Better?,"An honest comparison of Later vs. Buffer for small businesses. Features, pricing, pros, cons, and who each tool is actually built for — plus a third option most people miss.",https://glowsocial.com/blog/later-vs-buffer-differences-comparison,https://glowsocial.com/pins/later-vs-buffer-differences-comparison.png,Social Media Tips for Small Business
Why 2026 Is the Year Local Businesses Can't Ignore Social Media,"AI has eliminated every excuse for not posting. If your local business still isn't on social media in 2026, you're invisible to the customers searching for you right now.",https://glowsocial.com/blog/local-business-social-media-2026,https://glowsocial.com/pins/local-business-social-media-2026.png,Social Media Tips for Small Business
Do You Need a Social Media Management Degree? What Actually Matters,Does managing social media require a degree? What local business owners need to know about education vs. execution — and when a system beats a certification.,https://glowsocial.com/blog/master-social-media-management-degree-for-career-success-and-digital-growth,https://glowsocial.com/pins/master-social-media-management-degree-for-career-success-and-digital-growth.png,Social Media Tips for Small Business
What's the Minimum Posting Frequency for Business Growth?,How often does your business actually need to post on social media to see results? Here's the data-backed answer for local businesses.,https://glowsocial.com/blog/minimum-posting-frequency-business-growth,https://glowsocial.com/pins/minimum-posting-frequency-business-growth.png,Social Media Tips for Small Business
How to implement an OBA social media framework quickly,"Learn what the OBA social media framework is and how local businesses use Offer, Behind-the-Scenes, and Authority posts to get customers.",https://glowsocial.com/blog/oba-social-media-framework-local-business,https://glowsocial.com/pins/oba-social-media-framework-local-business.png,Social Media Tips for Small Business
The Unlikely Champion of Local Social Media: Why Pinterest Changes Everything,"Our 2026 data analysis confirms a massive blind spot for local businesses: Pinterest generates higher engagement than Instagram, Facebook, and LinkedIn combined.",https://glowsocial.com/blog/pinterest-for-local-business,https://glowsocial.com/pins/pinterest-for-local-business.png,Social Media Tips for Small Business
How Often Should a Local Business Post on Social Media?,"The ideal posting frequency for local businesses is 3-5 times per week. Here's why, plus the minimum you need to stay visible.",https://glowsocial.com/blog/posting-frequency-local-business,https://glowsocial.com/pins/posting-frequency-local-business.png,Social Media Tips for Small Business
How to Price Your Social Media Services (And Actually Make Money),"Most social media managers undercharge. Here's how to price your services based on real costs, real margins, and what the market will pay — with exact numbers.",https://glowsocial.com/blog/price-social-media-services,https://glowsocial.com/pins/price-social-media-services.png,Social Media Tips for Small Business
The Psychology of Content Engagement: Why Myth-Busting Outperforms Problem-Agitation by 2.5x,"Analysis of Glow Social data reveals the 6 psychological hooks that drive social media engagement. See why Myths and Contrarian content stop the scroll, while Questions and Problems trigger ad-blindness.",https://glowsocial.com/blog/psychology-of-content-engagement-6-hooks,https://glowsocial.com/pins/psychology-of-content-engagement-6-hooks.png,Social Media Tips for Small Business
The Real Cost of Inconsistent Social Media Posting,Inconsistent social media isn't just a missed opportunity — it's actively costing your business customers. Here's how to calculate the real damage.,https://glowsocial.com/blog/real-cost-inconsistent-social-media-posting,https://glowsocial.com/pins/real-cost-inconsistent-social-media-posting.png,Social Media Management Tips
Social Media ROI for Local Business: How to Measure What Matters,How to measure social media ROI for local businesses. Stop tracking vanity metrics and focus on the numbers that actually drive revenue.,https://glowsocial.com/blog/roi-social-media-local-business,https://glowsocial.com/pins/roi-social-media-local-business.png,Social Media Tips for Small Business
What's the ROI of Social Media for Local Businesses?,"Local businesses that post consistently see 20-40% more inbound inquiries within 90 days. Social media ROI is visibility-driven trust, not click attribution.",https://glowsocial.com/blog/roi-social-media-local-businesses,https://glowsocial.com/pins/roi-social-media-local-businesses.png,Social Media Tips for Small Business
Should I Hire a Social Media Manager or Do It Myself?,"If your business earns under $500K/year, start with an AI tool. Over $500K with active customer engagement, hire a human. Match the solution to the bottleneck.",https://glowsocial.com/blog/should-i-hire-social-media-manager-or-diy,https://glowsocial.com/pins/should-i-hire-social-media-manager-or-diy.png,Social Media Management Tips
Social Media for Accountants & Bookkeepers: The Complete Guide,"How accountants and bookkeepers can use social media to build trust and attract clients. Proven strategies, tools, and posting tips for financial professionals.",https://glowsocial.com/blog/social-media-accountants-bookkeepers,https://glowsocial.com/pins/social-media-accountants-bookkeepers.png,Social Media Tips for Small Business
Social Media Agencies: How to Scale to 30 Clients Without Burning Out,The math on scaling a social media agency from 5 clients to 30. How to use AI content creation to grow revenue without growing your hours.,https://glowsocial.com/blog/social-media-agency-scale-30-clients,https://glowsocial.com/pins/social-media-agency-scale-30-clients.png,Social Media Tips for Small Business
Social Media and AI: How Local Businesses Use AI (2026),"How AI is transforming social media marketing for local businesses — from content creation to analytics. What works, what doesn't, and where to start.",https://glowsocial.com/blog/social-media-and-ai-transform-your-digital-dominance-effortlessly,https://glowsocial.com/pins/social-media-and-ai-transform-your-digital-dominance-effortlessly.png,AI Marketing Tools
Social Media Automation for Financial Advisors (2026),"Learn how financial advisors and accountants can automate social media compliantly. Discover how Glow Social provides SEC-friendly, done-for-you content for just $99/month.",https://glowsocial.com/blog/social-media-automation-financial-advisors-accountants,https://glowsocial.com/pins/social-media-automation-financial-advisors-accountants.png,AI Marketing Tools
Social Media Automation for Local Gyms & Personal Trainers,Learn how social media automation for gyms and personal trainers fills classes fast. Discover Glow Social's $99/month done-for-you fitness marketing system.,https://glowsocial.com/blog/social-media-automation-local-gyms,https://glowsocial.com/pins/social-media-automation-local-gyms.png,AI Marketing Tools
Social Media Marketing for Boutique Fitness Studios (2026),"The complete social media playbook for boutique fitness studios. Content ideas, posting schedules, and automation tools to fill classes and build community.",https://glowsocial.com/blog/social-media-boutique-fitness,https://glowsocial.com/pins/social-media-boutique-fitness.png,Social Media by Industry
Social Media Caption Length: Guide for Every Platform,"The perfect caption length for Instagram, Facebook, LinkedIn, TikTok, and Google Business Profile — backed by data. Plus tips on formatting, emojis, and hashtags.",https://glowsocial.com/blog/social-media-caption-length,https://glowsocial.com/pins/social-media-caption-length.png,Social Media Tips for Small Business
"Why Your Social Media Content Should Sound Like YOU, Not a Marketing Robot",Most AI social media tools produce generic content that sounds like everyone else. Here's why brand voice matching matters and how Glow Social learns your actual voice from your website.,https://glowsocial.com/blog/social-media-content-brand-voice-ai,https://glowsocial.com/pins/social-media-content-brand-voice-ai.png,Social Media Tips for Small Business
Best Social Media Content Generator for Auto Repair Shops,The best social media content generator for auto repair shops is a done-for-you system that builds trust with local car owners. Discover how Glow Social automates your marketing for $99/month.,https://glowsocial.com/blog/social-media-content-generator-auto-repair-shops,https://glowsocial.com/pins/social-media-content-generator-auto-repair-shops.png,AI Marketing Tools
Social Media Content Strategy for Local Retail & Boutiques,The ultimate social media content strategy for local retail and boutiques drives high foot traffic. Learn how Glow Social automates your content for $99/month.,https://glowsocial.com/blog/social-media-content-strategy-local-retail,https://glowsocial.com/pins/social-media-content-strategy-local-retail.png,AI Marketing Tools
Social Media Cost: DIY vs. Tools vs. Done-For-You,"Compare the real cost of managing social media yourself, using scheduling tools, hiring a freelancer, or using done-for-you software. Includes time value calculations.",https://glowsocial.com/blog/social-media-cost-comparison-manual-scheduling-voice-matched,https://glowsocial.com/pins/social-media-cost-comparison-manual-scheduling-voice-matched.png,Social Media Management Tips
Social Media for Fitness Studios: Strategies That Fill Classes,Proven social media strategies for fitness studios and gyms. Learn what content drives memberships and how to stay consistent without spending hours on it.,https://glowsocial.com/blog/social-media-fitness-studios,https://glowsocial.com/pins/social-media-fitness-studios.png,Social Media by Industry
Social Media for Healthcare Practices: HIPAA-Safe Strategies,"How healthcare practices can use social media to attract patients while staying HIPAA-compliant. Content ideas, tools, and posting best practices for medical offices.",https://glowsocial.com/blog/social-media-healthcare-practices,https://glowsocial.com/pins/social-media-healthcare-practices.png,Social Media Tips for Small Business
Social Media for Home Services: Strategies & Tools (2026),"The complete guide to social media for home services businesses. Learn how HVAC, plumbing, and landscaping companies are generating leads organically in 2026.",https://glowsocial.com/blog/social-media-home-services,https://glowsocial.com/pins/social-media-home-services.png,AI Marketing Tools
Social Media Management Cost: Full Pricing Guide,"Social media management costs $0-3,000+/month depending on your approach. Compare true costs of DIY, scheduling tools, done-for-you AI, freelancers, and agencies — including the hidden cost of your time.",https://glowsocial.com/blog/social-media-management-cost-pricing-guide,https://glowsocial.com/pins/social-media-management-cost-pricing-guide.png,Social Media Management Tips
Social Media Management for Chiropractors: Get More Patients Without Paid Ads,Social media for chiropractors builds local trust and drives new patient bookings. Here's a practical content strategy that works — even with zero marketing budget.,https://glowsocial.com/blog/social-media-management-for-chiropractors,https://glowsocial.com/pins/social-media-management-for-chiropractors.png,Social Media by Industry
Social Media for Financial Advisors: Build Trust and Grow Your Client Base,"Social media for financial advisors requires a compliance-aware, trust-first approach. Here's what works to attract and convert ideal clients without cold calling.",https://glowsocial.com/blog/social-media-management-for-financial-advisors,https://glowsocial.com/pins/social-media-management-for-financial-advisors.png,Social Media Tips for Small Business
Social Media Images: What Local Businesses Need (2026),How professional images and graphics boost social media engagement for local businesses — and how AI-powered tools make it affordable.,https://glowsocial.com/blog/social-media-management-images-boost-engagement-with-ai-powered-content,https://glowsocial.com/pins/social-media-management-images-boost-engagement-with-ai-powered-content.png,Social Media Tips for Small Business
What Is Social Media Management? (And What It Costs),"What does social media management really mean? A clear breakdown for local business owners — what's involved, what it costs, and how to simplify it with AI tools.",https://glowsocial.com/blog/social-media-management-meaning-elevate-your-strategy-with-ai-tools,https://glowsocial.com/pins/social-media-management-meaning-elevate-your-strategy-with-ai-tools.png,Social Media Management Tips
Instagram Management for Local Businesses (2026 Guide),"How to manage Instagram effectively for your local business — content strategies, posting best practices, key metrics, and AI tools that make it affordable.",https://glowsocial.com/blog/social-media-management-on-instagram-boost-engagement-with-ai-tools,https://glowsocial.com/pins/social-media-management-on-instagram-boost-engagement-with-ai-tools.png,Social Media Tips for Small Business
Social Media Manager vs. AI: Which is Better for Small Business in 2026?,"Should you hire a social media manager or use AI? Compare costs, quality, and time investment. AI tools like Glow Social now deliver professional results for $99/mo.",https://glowsocial.com/blog/social-media-manager-vs-ai,https://glowsocial.com/pins/social-media-manager-vs-ai.png,Social Media Management Tips
Social Media Manager vs. Done-For-You AI: I've Tried Both,"After 15 years in digital marketing — including running a content agency — here's my honest take on when to hire a human, when to use AI, and what most local businesses actually need.",https://glowsocial.com/blog/social-media-manager-vs-done-for-you-ai,https://glowsocial.com/pins/social-media-manager-vs-done-for-you-ai.png,Social Media Management Tips
Social Media Marketing Cost: A Realistic Breakdown,"What does social media marketing actually cost for local businesses? A breakdown of DIY, freelancer, agency, and automated options with real pricing.",https://glowsocial.com/blog/social-media-marketing-cost-optimize-your-budget-with-ai-solutions,https://glowsocial.com/pins/social-media-marketing-cost-optimize-your-budget-with-ai-solutions.png,Social Media Management Tips
Social Media for Dentists: Patients Without TikTok,Learn the best social media marketing strategy for dentists that actually drives patient bookings. Discover how Glow Social fully automates your dental practice marketing for $99/month.,https://glowsocial.com/blog/social-media-marketing-dentists,https://glowsocial.com/pins/social-media-marketing-dentists.png,Social Media by Industry
Social Media Marketing Ideas for Local Businesses,Fresh social media marketing ideas for local businesses looking to boost engagement without hiring an agency or spending hours on content creation.,https://glowsocial.com/blog/social-media-marketing-ideas-to-elevate-engagement-and-strategy,https://glowsocial.com/pins/social-media-marketing-ideas-to-elevate-engagement-and-strategy.png,Social Media Tips for Small Business
10 Social Media Mistakes Local Businesses Make (And How to Avoid Them),The 10 most common social media mistakes local businesses make — from inconsistent posting to ignoring Google Business Profile. Plus how to fix each one.,https://glowsocial.com/blog/social-media-mistakes-local-business,https://glowsocial.com/pins/social-media-mistakes-local-business.png,Social Media Tips for Small Business
Why Your Social Media Isn't Working (And How to Fix It),"Your social media isn't working because of inconsistency, wrong content, or unrealistic expectations. Here are the real fixes that get results for small businesses.",https://glowsocial.com/blog/social-media-not-working,https://glowsocial.com/pins/social-media-not-working.png,Social Media Tips for Small Business
Best Social Media Planner for Small Businesses (2026),"How small businesses can plan social media effectively — compare physical planners, spreadsheets, digital tools, and done-for-you services to find what actually works.",https://glowsocial.com/blog/social-media-planner-for-small-business-streamline-your-strategy-today,https://glowsocial.com/pins/social-media-planner-for-small-business-streamline-your-strategy-today.png,Social Media Tips for Small Business
Social Media for Real Estate Agents: Complete Guide,"The complete social media playbook for real estate agents. Content ideas, best tools, and done-for-you options that keep you visible between transactions.",https://glowsocial.com/blog/social-media-real-estate-agents,https://glowsocial.com/pins/social-media-real-estate-agents.png,Social Media by Industry
Social Media for Restaurants: Content Ideas That Drive Reservations,"Restaurant social media marketing that actually works. Content ideas, posting schedules, and automation tools to fill tables and build a loyal following.",https://glowsocial.com/blog/social-media-restaurants,https://glowsocial.com/pins/social-media-restaurants.png,Social Media by Industry
Social Media for Retail & Boutique Shops: Drive Foot Traffic,"Social media strategies for retail stores and boutiques. Product showcases, behind-the-scenes content, and seasonal campaigns that bring customers through the door.",https://glowsocial.com/blog/social-media-retail-boutiques,https://glowsocial.com/pins/social-media-retail-boutiques.png,AI Marketing Tools
Social Media for Salons & Spas: Fill Your Chair Every Day,"The complete social media guide for salons and spas. Showcase transformations, build trust, and keep your appointment book full with proven posting strategies.",https://glowsocial.com/blog/social-media-salons-spas,https://glowsocial.com/pins/social-media-salons-spas.png,Social Media by Industry
Social Media Stories: Do Local Businesses Need Them?,"How local businesses can use social media stories to boost engagement, build trust, and stay top-of-mind with customers — without spending hours creating content.",https://glowsocial.com/blog/social-media-stories-boost-engagement-with-ai-powered-content-creation,https://glowsocial.com/pins/social-media-stories-boost-engagement-with-ai-powered-content-creation.png,Social Media Tips for Small Business
Done-For-You Social Media Strategy for Med Spas and Estheticians,The best done-for-you social media strategy for med spas and estheticians focuses on before/after proof and education. Discover how Glow Social automates your marketing for $99/month.,https://glowsocial.com/blog/social-media-strategy-med-spas-estheticians,https://glowsocial.com/pins/social-media-strategy-med-spas-estheticians.png,Social Media Tips for Small Business
Best Social Media Tools for Boutique Hotels & Bed and Breakfasts,Find the best social media tools for boutique hotels and B&Bs. Learn how Glow Social's $99/mo done-for-you system increases seasonal bookings instantly.,https://glowsocial.com/blog/social-media-tools-boutique-hotels,https://glowsocial.com/pins/social-media-tools-boutique-hotels.png,AI Marketing Tools
7 Best Social Media Tools for Local Businesses in 2026,Compare the best social media tools built for local businesses in 2026. From free scheduling to done-for-you posting — find the right tool for your budget.,https://glowsocial.com/blog/social-media-tools-local-business,https://glowsocial.com/pins/social-media-tools-local-business.png,AI Marketing Tools
7 Best Social Media Tools Under $50/Month for Small Business (2026),"Compare every social media tool under $50/month: Buffer, Later, Glow Social, SocialPilot, Postly, and Meta Business Suite. Only one creates content for you.",https://glowsocial.com/blog/social-media-tools-under-50,https://glowsocial.com/pins/social-media-tools-under-50.png,AI Marketing Tools
Social Media for Wedding Photographers & Planners,The ultimate social media workflow for wedding photographers and event planners is AI automation. Learn how Glow Social posts visually stunning content for $99/month.,https://glowsocial.com/blog/social-media-workflow-wedding-photographers,https://glowsocial.com/pins/social-media-workflow-wedding-photographers.png,Social Media Tips for Small Business
SocialBee vs. Glow Social (2026): Which is Better for Local Biz?,"SocialBee vs Glow Social: which social media tool is better for your local business in 2026? A direct comparison of features, pricing, and ease of use.",https://glowsocial.com/blog/socialbee-vs-glow-social,https://glowsocial.com/pins/socialbee-vs-glow-social.png,Glow Social Tips
Sprout Social vs. Glow Social: $249/Mo vs. $99/Mo for Local Businesses (2026),"Sprout Social starts at $249/mo and is built for enterprise teams. Glow Social does social media for local businesses for $99/mo. Compare features, pricing, and fit.",https://glowsocial.com/blog/sprout-social-vs-glow-social,https://glowsocial.com/pins/sprout-social-vs-glow-social.png,Glow Social Tips
Best Time to Post TikToks on Saturday (2026 Data),"When should local businesses post TikToks on Saturday? Practical timing advice based on real engagement patterns, plus how to stay consistent without the time commitment.",https://glowsocial.com/blog/the-best-time-to-post-tik-toks-on-saturday-for-maximum-engagement,https://glowsocial.com/pins/the-best-time-to-post-tik-toks-on-saturday-for-maximum-engagement.png,Social Media Tips for Small Business
The GLOW Method: How to Automate Social Media for Local Businesses,"Discover the GLOW Method, the proprietary system behind Glow Social that automates 98% of social media tasks for affordable local business marketing.",https://glowsocial.com/blog/the-glow-method-social-media-automation,https://glowsocial.com/pins/the-glow-method-social-media-automation.png,AI Marketing Tools
How Much Time Does Social Media Take for Small Businesses?,Small businesses spend 6-10 hours per week on social media. Learn the real time breakdown and how to cut it to under 1 hour with done-for-you automation.,https://glowsocial.com/blog/time-small-business-social-media,https://glowsocial.com/pins/time-small-business-social-media.png,Social Media Tips for Small Business
Top 5 Automated Social Media Tools for Small Businesses in 2026,"What is the best automated social media tool for small business? We compare the top 5 platforms including Hootsuite, Buffer, and Glow Social's GLOW Method.",https://glowsocial.com/blog/top-5-automated-social-media-tools-small-business-2026,https://glowsocial.com/pins/top-5-automated-social-media-tools-small-business-2026.png,AI Marketing Tools
AI Social Media Post Generators: Do They Work? (2026),"How AI post generators are changing social media for local businesses. Learn what to look for, what to avoid, and how Glow Social turns AI into done-for-you social media.",https://glowsocial.com/blog/transform-your-strategy-with-a-social-media-ai-post-generator,https://glowsocial.com/pins/transform-your-strategy-with-a-social-media-ai-post-generator.png,AI Marketing Tools
What Is Content Curation? A Guide for Local Businesses,"What does curating content mean? A clear guide for local business owners on content curation — how to find, share, and mix curated content with original posts.",https://glowsocial.com/blog/understanding-curating-content-meaning-a-comprehensive-overview,https://glowsocial.com/pins/understanding-curating-content-meaning-a-comprehensive-overview.png,Social Media Tips for Small Business
Social Media Planning With Notion: Setup & Templates,"How to use Notion for social media planning — with a complete setup guide, templates, and why most local businesses end up choosing a done-for-you service instead.",https://glowsocial.com/blog/unlock-social-media-planning-notion-for-streamlined-digital-domination,https://glowsocial.com/pins/unlock-social-media-planning-notion-for-streamlined-digital-domination.png,Social Media Tips for Small Business
"Jobs in Social Media Management: Roles, Salaries & More","Explore social media management careers — from coordinator to director. Plus, what local businesses should look for when hiring, and when automation is the smarter choice.",https://glowsocial.com/blog/unlock-your-career-potential-top-jobs-in-social-media-management-await-you,https://glowsocial.com/pins/unlock-your-career-potential-top-jobs-in-social-media-management-await-you.png,Social Media Tips for Small Business
What Happens If You Don't Post on Social Media Regularly?,"Your business becomes invisible. Social platforms stop showing your content after 2-3 weeks of inactivity, and potential customers see a stale profile that signals 'closed.'",https://glowsocial.com/blog/what-happens-not-posting-regularly,https://glowsocial.com/pins/what-happens-not-posting-regularly.png,Social Media Tips for Small Business
What Is Glow Social? The AI-Powered Social Media Platform Built for Agencies and Busy Business Owners,"Glow Social is an AI-native social media management platform that posts to 12 platforms, generates captions automatically, and runs on autopilot. Here is exactly what it does — and who it is for.",https://glowsocial.com/blog/what-is-glow-social,https://glowsocial.com/pins/what-is-glow-social.png,Glow Social Tips
What Is Social Media Scheduling? (And Why It's Not Enough),"Learn what social media scheduling is, how scheduling tools work, why they fall short for busy business owners, and what goes beyond scheduling to solve the real problem.",https://glowsocial.com/blog/what-is-media-scheduling-boost-your-social-media-strategy-effortlessly,https://glowsocial.com/pins/what-is-media-scheduling-boost-your-social-media-strategy-effortlessly.png,Social Media Tips for Small Business
What Makes Customers Trust a Business Online,Trust is the currency of online business. Here's what local customers look for before they'll pick up the phone and call you.,https://glowsocial.com/blog/what-makes-customers-trust-business-online,https://glowsocial.com/pins/what-makes-customers-trust-business-online.png,Social Media Tips for Small Business
What Makes Glow Social Different From Other Social Media Tools?,"Glow Social isn't a scheduling tool — it's a done-for-you social media service. See what makes it different from Buffer, Hootsuite, and social media managers.",https://glowsocial.com/blog/what-makes-glow-social-different,https://glowsocial.com/pins/what-makes-glow-social-different.png,Glow Social Tips
What Platforms Does Glow Social Support?,"Glow Social supports Facebook, Instagram, LinkedIn, TikTok, and 8 more platforms. Connect unlimited accounts and schedule content across all platforms from one dashboard.",https://glowsocial.com/blog/what-platforms-does-glow-social-support,https://glowsocial.com/pins/what-platforms-does-glow-social-support.png,Glow Social Tips
What Social Media Managers Won't Tell You (2026),The social media industry has a dirty secret: most small businesses don't need what they're selling. Here's what actually matters for local businesses — and what's overkill.,https://glowsocial.com/blog/what-social-media-managers-wont-tell-you,https://glowsocial.com/pins/what-social-media-managers-wont-tell-you.png,Social Media Management Tips
What Tasks Can Be Automated in Social Media Marketing?,Not everything in social media should be automated — but a lot of it can be. Here's what to automate and what to keep human.,https://glowsocial.com/blog/what-tasks-can-be-automated-social-media,https://glowsocial.com/pins/what-tasks-can-be-automated-social-media.png,AI Marketing Tools
What to Post on Instagram If You're a Dentist,"30 Instagram post ideas for dentists that actually attract patients. No dancing, no trends — just content that builds trust and fills your appointment book.",https://glowsocial.com/blog/what-to-post-on-instagram-dentist,https://glowsocial.com/pins/what-to-post-on-instagram-dentist.png,Social Media by Industry
What to Post on Social Media When You Have Nothing to Say,Every business owner hits the blank page wall. Here are 30+ proven content ideas for local businesses that drive real engagement — even when you're fresh out of inspiration.,https://glowsocial.com/blog/what-to-post-on-social-media-when-you-have-nothing-to-say,https://glowsocial.com/pins/what-to-post-on-social-media-when-you-have-nothing-to-say.png,Social Media Tips for Small Business
Why Customers Check Your Social Media Before Calling,Over 70% of consumers check a business's social media before making a purchase. Here's why it matters and what to do about it.,https://glowsocial.com/blog/why-customers-check-social-media-before-calling,https://glowsocial.com/pins/why-customers-check-social-media-before-calling.png,Social Media Tips for Small Business
Why I Built a $99/Month Social Media Company,I hate social media. I also spent 15 years in digital marketing and watched local businesses lose to franchises because they couldn't stay visible online. So I built something about it.,https://glowsocial.com/blog/why-i-built-glow-social,https://glowsocial.com/pins/why-i-built-glow-social.png,Glow Social Tips
Why Content Strategy Matters for Social Media (2026),Why posting randomly on social media doesn't work — and how a simple content strategy helps local businesses get real results. Includes a ready-to-use framework.,https://glowsocial.com/blog/why-is-content-strategy-important-for-social-media-success,https://glowsocial.com/pins/why-is-content-strategy-important-for-social-media-success.png,Social Media Tips for Small Business
Why Local Businesses Fail at Social Media (And the Fix That Actually Works),"Most local businesses try social media, get frustrated, and give up. Here's exactly why it stops working — and what actually drives results for local businesses.",https://glowsocial.com/blog/why-local-businesses-fail-at-social-media,https://glowsocial.com/pins/why-local-businesses-fail-at-social-media.png,AI Marketing Tools
Why Social Media Scheduling Apps Don't Work for Local Businesses,Small business owners download scheduling apps hoping to solve social media. Most stop using them within 90 days. Here's why — and what actually works.,https://glowsocial.com/blog/why-scheduling-apps-dont-work-local-business,https://glowsocial.com/pins/why-scheduling-apps-dont-work-local-business.png,Social Media Tips for Small Business
Why Social Media Managers Are So Expensive (And What to Do Instead),"Social media managers charge $1,500-5,000/month. Here's why the costs are that high and what affordable alternatives exist for small businesses.",https://glowsocial.com/blog/why-social-media-managers-expensive,https://glowsocial.com/pins/why-social-media-managers-expensive.png,Social Media Management Tips
Why Your Social Media Pages Are Costing You Customers,An abandoned social media page sends one message to potential customers: this business might not be around anymore. Here's what to do about it.,https://glowsocial.com/blog/why-your-social-media-pages-are-costing-you-customers,https://glowsocial.com/pins/why-your-social-media-pages-are-costing-you-customers.png,Social Media Management Tips
Best Agorapulse Alternative for Small Business (2026),Agorapulse is powerful but complex and expensive for small businesses. Glow Social offers done-for-you posting for $99/mo — no learning curve required.,https://glowsocial.com/compare/agorapulse-alternative,https://glowsocial.com/pins/agorapulse-alternative.png,Social Media Tool Comparisons
Glow Social vs. Buffer: What's the Actual Difference?,Buffer is great for scheduling. Glow Social is great for not having to do any of it yourself. Here's the difference — and how to choose the right one for your business.,https://glowsocial.com/compare/buffer-alternative,https://glowsocial.com/pins/buffer-alternative.png,Social Media Tool Comparisons
Best Canva Pro Alternative for Small Business (2026),"Canva Pro helps you design graphics. Glow Social writes, designs, and posts for you automatically. $99/mo done-for-you social media.",https://glowsocial.com/compare/canva-pro-alternative,https://glowsocial.com/pins/canva-pro-alternative.png,Social Media Tool Comparisons
Best ChatGPT Alternative for Small Business (2026),"ChatGPT generates text, but you still have to format, design, schedule, and post it. Glow Social handles the entire process for $99/mo.",https://glowsocial.com/compare/chatgpt-alternative,https://glowsocial.com/pins/chatgpt-alternative.png,Social Media Tool Comparisons